uuid,relative_path,filename,tags,created_at
7QVqNPwgCJA4VZFCoqGe2D,いろいろ/IMG_1840.jpeg,IMG_1840.jpeg,"[""大仏"", ""タイ""]",2026-04-19 21:17:33
iqTjXZuYarUmTeCndprgEV,いろいろ/右回転？左回転？.mp4,右回転？左回転？.mp4,"[""地球""]",2026-04-19 21:17:33
gkN2Yu9jzEfEFgV5oso2NN,いろいろ/ゴキブリキャップ.obj,ゴキブリキャップ.obj,"[""3D""]",2026-04-19 21:17:33
MieKfHSTzUNPSM7X5MnNnD,いろいろ/IMG_1839.jpeg,IMG_1839.jpeg,"[""大仏"", ""タイ""]",2026-04-19 21:17:33
24NArcS65NP88h5PwtumpS,いろいろ/⛄️.webp,⛄️.webp,[],2026-04-19 21:17:33
EFYUSEpiEzqMikFVCYYQdB,いろいろ/ゴキブリキャップ.mtl,ゴキブリキャップ.mtl,[],2026-04-19 21:17:33
9jw8arkipwF6XgtweWtb8b,いろいろ/Sanko_logo.svg,Sanko_logo.svg,"[""ロゴ""]",2026-04-19 21:17:33
c8xjEyf9u6e4HreJkHYB2K,令和8年 生産日報.xlsx,令和8年 生産日報.xlsx,[],2026-04-19 21:17:34
ZiiRjV4gMKShXo8SfkCTCM,いろいろ/markdown.md,markdown.md,[],2026-04-19 23:14:13
bq6oWzFdKahu297CYqAuDW,いろいろ/名探偵コナンまとめ.md,名探偵コナンまとめ.md,"[""劇場版""]",2026-04-19 23:52:03
AYFc55XNQS5PhYdKXdpDwg,.説明書.md,.説明書.md,[],2026-04-20 03:20:21
eJvuy4qmLD8gebwiaq5GjZ,.CYBER CABINET ユーザーマニュアル.md,.CYBER CABINET ユーザーマニュアル.md,[],2026-04-20 03:49:04
MFXVNBoHSraRWm6SKCsNiB,いろいろ/Hello Zepp.m4a,Hello Zepp.m4a,"[""128kbps"", ""Charlie Clouser"", ""Saw Theme Song""]",2026-04-20 06:56:01
GJ7LAeG4nvXP8gypxN2y4Z,いろいろ/UNICORN.mp3,UNICORN.mp3,"[""機動戦士ガンダムUC"", ""134kbps"", ""澤野弘之""]",2026-04-20 06:56:05
gkrrQZ4h4uMUpp9wNVPXvF,いろいろ/タンブラー.glb,タンブラー.glb,"[""3D""]",2026-04-20 12:53:14
hRfx5rr7Pj9xHaBFLSvNdq,いろいろ/wp1.png,wp1.png,"[""1920x1080""]",2026-04-22 10:09:38
S4b4nSxYawGRFRFRjnWMfd,いろいろ/MCU.csv,MCU.csv,[],2026-04-22 10:25:16
JGWoqed6zHPK3bSVAzBBxv,R8.3.xlsx,R8.3.xlsx,[],2026-04-30 16:38:18
4QKv4iUoAScibod32JKnQQ,R8.4.xlsx,R8.4.xlsx,[],2026-04-30 16:38:21
Bxn4c5pDsFARs2uJZB8Vjs,CYBER CABINET ユーザーマニュアル.md,CYBER CABINET ユーザーマニュアル.md,"[""取扱説明書""]",2026-05-05 04:36:48
YWswb5oFNTQW4nGYfJY8HA,いろいろ/Apple 2030.txt,Apple 2030.txt,[],2026-05-07 00:45:54
jbVD8RzWbHKRmy4shAKo9s,山積み表商品マスタデータ20260512.xlsx,山積み表商品マスタデータ20260512.xlsx,[],2026-05-12 03:10:58
dBQyp3ydojyfr57nzSuYwp,いろいろ/IMG_1916.jpeg,IMG_1916.jpeg,"[""小人"", ""タイ""]",2026-05-16 01:29:33
RbxCYGMm2JQWWaVCCAPY2t,【新】三者確認チェックシート.xlsm,【新】三者確認チェックシート.xlsm,[],2026-05-17 11:39:30
mWkUEaTg6R3rsXccdkcKT9,MFR.xlsx,MFR.xlsx,[],2026-06-05 01:14:17
iC9uWPfRBfNbn9CeJMJMrp,いろいろ/【新】三者確認チェックシート.xlsm,【新】三者確認チェックシート.xlsm,[],2026-06-05 01:14:44
UYEaLJBBn4p2bMr4FCytwp,いろいろ/ショートカット.xlsm,ショートカット.xlsm,[],2026-06-08 18:06:30
agp7nQAqLqRrNy9HKt9VqB,sss.txt,sss.txt,[],2026-06-09 05:40:41
DXo23rZBDMPcfTAPUNfEWh,いろいろ/印鑑画像作成.html,印鑑画像作成.html,[],2026-06-09 06:08:29
if93k9HSKtxHLJScxqdB35,data.xlsx,data.xlsx,[],2026-06-10 15:04:11
