uuid,favorite,history,days
iZPMG6nQZ9hZCa2BGLVYq6,2422$$サンペールS #4-2 蓋@@10230$$サンケースC350-2 本体@@10500$$サンコータル角 S-0.35K 本体@@10082$$カード差し 175型,10590$$ゼリーカップ60@@10501$$サンコータル角 S-0.35K 蓋@@4669$$カード差し 118型@@9486$$ニューバスケット 把手@@10591$$ゼリーカップ75@@10229$$サンケースC-160-2 本体@@1141$$サンケースMK T-12 本体 / サンペールS #4 蓋@@10600$$洗浄トレー KC-4@@10227$$サンケースC400・C500-2 蓋@@9822$$サンペールK#13T 蓋 4型@@1529$$カード差し M型・カード差し M型(ポリカ) / サンケースMK P-32•34•40 蓋@@4625$$パーツボックス Z-1N 蓋 / パーツボックス Z-1N 蓋 導電@@10232$$サンケースC500-2 本体@@4626$$パーツボックス Z-2N / パーツボックス Z-2N 導電 / パーツボックス Z-2N(RDM)@@5465$$オリコンEP13-B 底面@@4630$$パーツボックス Z-200N / パーツボックス Z-200N 導電PP@@10230$$サンケースC350-2 本体@@4629$$パーツボックス Z-100N 中仕切り@@10500$$サンコータル角 S-0.35K 本体@@4628$$パーツボックス Z-100N / パーツボックス Z-100N 導電PP@@10231$$サンケースC350-2 蓋@@8425$$RS-10 パッキン@@5406$$F-Box 113 長側@@8167$$サンコータル角 S-1.3K-2 本体@@8729$$ハンディボックスM-11 ハンドル 2号型@@10980$$カード差し 157-3型@@10222$$サンペール240 蓋@@10826$$プラテクター S170@@10807$$サンケースC200-4 フタ@@10082$$カード差し 175型,2026年03月10日 07時02分
Vosq9GsGifzG4iwQfyTAdW,5666$$サンコータル角タル 3K 本体@@9821$$ハンディーBOX PRB-2型 フタ,7286$$オリコンP47B 短側板@@8016$$ハリステナーK#10 中蓋@@9027$$サンペールK#50N 蓋 2号型@@2928$$カード差し 74型・カード差し 74型 (QR)@@4442$$NAEGSトレー@@4626$$パーツボックス Z-2N / パーツボックス Z-2N 導電 / パーツボックス Z-2N(RDM)@@4630$$パーツボックス Z-200N / パーツボックス Z-200N 導電PP@@10228$$サンケースC-250-2 本体@@5667$$サンコータル角タル 3K 蓋@@8002$$サンペール#4B 蓋@@10222$$サンペール240 蓋@@10229$$サンケースC-160-2 本体@@2567$$マグネットホルダー アタッチメント@@2428$$サンコータル 1L@@10230$$サンケースC350-2 本体@@9821$$ハンディーBOX PRB-2型 フタ@@5666$$サンコータル角タル 3K 本体@@5671$$袋取っ手 FT-S / 袋取っ手 FT-S 導電,2025年01月14日 20時24分
E9e4Gy5nhgTJtT6pbtKqe4,7240$$ハンディボックスS-2 蓋@@7239$$ハンディボックスS-2 本体@@10117$$アトムバルブ キャップ,6421$$サンペール610 本体@@7240$$ハンディボックスS-2 蓋@@7239$$ハンディボックスS-2 本体@@10119$$アトムバルブ 軸@@1168$$サンケースMK P-29 本体・サンケースMK P-29•蓋@@10229$$サンケースC-160-2 本体@@8700$$オリコンEP29A-C レバー@@10117$$アトムバルブ キャップ@@10231$$サンケースC350-2 蓋@@10600$$洗浄トレー KC-4@@1691$$グロメット 6型,2025年04月15日 16時29分
ZvG9QuKJxfcmZQ9JRqT9Wa,"1194$$サンケースMK CY50•P500,1100 蓋@@10650$$サンケースC250-3 本体",9673$$BIN 段積みパーツ@@6899$$サンペール#4A 蓋@@5358$$サンペール#4 蓋@@1140$$サンケースMK T-12 蓋 / サンペールS #4 本体@@3382$$段ボールジョイントM 本体・段ボールジョイントM 保持パーツ@@1306$$サンケースMK MH-12 本体@@10231$$サンケースC350-2 蓋@@10690$$オリコンEP-64 IFCO JP レバー 4号型@@10230$$サンケースC350-2 本体@@10221$$サンペール240 本体@@2422$$サンペールS #4-2 蓋@@1141$$サンケースMK T-12 本体 / サンペールS #4 蓋@@3468$$カード差し 84型@@4153$$バルブトレー KS-1@@9746$$オリコンラックEP29B-K 扉下@@4622$$パーツボックス Z-0N / パーツボックス Z-0N 導電 / パーツボックス Z-0N(RDM)@@10804$$サンケースC100-2 本体@@10805$$サンケースC100-2 フタ@@10806$$サンケースC200-4 本体@@8406$$オリコンプラ軸ピンB 3号型@@8121$$オリコンEP-SW 軸カバーL4@@5298$$オリコンプラ軸ピンA 3号型@@0059$$M樽角 3K 蓋（爪有り）@@10651$$サンケースC250-3 蓋@@4861$$サンコータル角 3K-MF 蓋 2号型@@10650$$サンケースC250-3 本体@@10501$$サンコータル角 S-0.35K 蓋@@10500$$サンコータル角 S-0.35K 本体@@10807$$サンケースC200-4 フタ@@10826$$プラテクター S170,2026年03月14日 18時08分
PGX6htzhtSrmDhWsx5SXBx,6764$$ハリステナー#3A 本体,6764$$ハリステナー#3A 本体@@10805$$サンケースC100-2 フタ@@10650$$サンケースC250-3 本体@@7058$$コロコンパーツ(ロング)@@9025$$サンケースC120 本体@@10501$$サンコータル角 S-0.35K 蓋@@4658$$プラテクター S265@@5475$$サンボックス22TY 中仕切り@@8002$$サンペール#4B 蓋@@2866$$サンペール#1 蓋@@3533$$オリコンプラ軸ピンA 5×38.5@@10221$$サンペール240 本体@@10222$$サンペール240 蓋@@1050$$筍籠S型 本体@@5310$$ツーリングホルダー UT-40,2026年03月06日 04時56分
RURF6ohrsRCr7bh3nRyPRw,6616$$サンケースC120•C150-3 蓋,6616$$サンケースC120•C150-3 蓋,2026年03月10日 07時05分
HHaTvHfxcfxuAbWqJgqx66,1141$$サンケースMK T-12 本体 / サンペールS #4 蓋,11070$$サンペール#3A ハンドル@@1014$$サンマーカー N用スライド 背面・サンマーカー N用スライド 本体@@2276$$サンコータル角 5K-2@@4623$$パーツボックス Z-0N 蓋 / パーツボックス Z-0N 蓋 導電@@1168$$サンケースMK P-29 本体・サンケースMK P-29•蓋@@1140$$サンケースMK T-12 蓋 / サンペールS #4 本体@@1143$$サンケースMK T-14 本体@@1141$$サンケースMK T-12 本体 / サンペールS #4 蓋@@0271$$野菜籠 4K 2型 蓋・野菜籠 4K 2型 蓋 PP@@0439$$サンコータル 20L 蓋@@1010$$カード差し 28型@@10228$$サンケースC-250-2 本体@@8890$$サンコータル角 S-0.38-3 本体@@7163$$エンジントレーT-8 A•B•C•D@@1636$$サンスペーサー S-2 / サンスペーサー S-3 / サンスペーサー S-5@@1481$$サンケースMK P-40 本体 / 梅用角樽 5K・サンコータル角 5K,2026-03-22 13:19:17
DUQ35hzrqfwJhzMXweVrHf,,10806$$サンケースC200-4 本体@@8016$$ハリステナーK#10 中蓋@@10807$$サンケースC200-4 フタ@@11070$$サンペール#3A ハンドル,2026-03-22 14:35:17
YvBGZzeQiLQWE3RfmaVJ5a,,6449$$ペタンコ41A 持手カバー 2号型,2026-03-22 14:12:03
f4pCA3JfKM5YiK2yxisCuP,10807$$サンケースC200-4 フタ,11070$$サンペール#3A ハンドル@@4861$$サンコータル角 3K-MF 蓋 2号型@@4860$$サンコータル角 3K-MF 本体 2号型@@10807$$サンケースC200-4 フタ,2026-03-22 16:56:37
enchantnora,1971$$サンボックス蓋 2S-2,4861$$サンコータル角 3K-MF 蓋 2号型@@4629$$パーツボックス Z-100N 中仕切り@@10232$$サンケースC500-2 本体@@3703$$カード差し 94型@@10832$$エンジントレーT-AE A•B•C•D@@7239$$ハンディボックスS-2 本体@@10227$$サンケースC400・C500-2 蓋@@10651$$サンケースC250-3 蓋@@1529$$カード差し M型・カード差し M型(ポリカ) / サンケースMK P-32•34•40 蓋@@10826$$プラテクター S170@@6592$$ハンディボックスM-8 ハンドル@@4630$$パーツボックス Z-200N / パーツボックス Z-200N 導電PP@@10807$$サンケースC200-4 フタ@@7194$$オリコンEP33B-SW 短側板@@10805$$サンケースC100-2 フタ@@6766$$ハリステナー#3A 中蓋@@9889$$カード差し MS-1型@@7863$$エンジントレーT-12 A•B•C•D@@1971$$サンボックス蓋 2S-2@@1748$$カード差し 9-M型@@8787$$Iコアトレー　T-1@@8121$$オリコンEP-SW 軸カバーL4@@10500$$サンコータル角 S-0.35K 本体@@11091$$サンコータル角 S-0.68K 本体@@4631$$パーツボックス Z-200N 中仕切り@@10146$$エコンストッカー　バックルL@@10054$$針捨てBOX-ナビスはりぽっとん 中フタ@@11070$$サンペール#3A ハンドル@@9351$$電源口蓋@@6909$$ハンディーBOX PRB型,2026-05-05 11:27:00
NDzXu6bdSoQtNHfVKocRsx,,8890$$サンコータル角 S-0.38-3 本体,2026-03-24 00:05:54
5gLXBiwZ4bLncBXosV5EPp,,10146$$エコンストッカー　バックルL@@5358$$サンペール#4 蓋@@4325$$サンペール#1 中蓋 2型@@6766$$ハリステナー#3A 中蓋,2026-04-02 08:59:30
U9Husmybd3cpVUwqfaPNxd,,6995$$サンケースK 670 本体@@6996$$サンケースK 670 蓋,2026-03-25 03:52:24
Caxdj72ucQrQe4JKkbZtEZ,,8002$$サンペール#4B 蓋@@8001$$サンペール#4B 本体@@2928$$カード差し 74型・カード差し 74型 (QR)@@10832$$エンジントレーT-AE A•B•C•D@@10807$$サンケースC200-4 フタ@@10806$$サンケースC200-4 本体@@2390$$サンケースC-200 本体@@10650$$サンケースC250-3 本体@@10228$$サンケースC-250-2 本体@@10227$$サンケースC400・C500-2 蓋@@10231$$サンケースC350-2 蓋@@10232$$サンケースC500-2 本体@@1740$$ショッピングバスケットU-31 ハンドル@@8015$$ハリステナーK#10 蓋@@2880$$PET容器蓋　3型@@10980$$カード差し 157-3型@@6199$$カード差し 148型@@10230$$サンケースC350-2 本体@@6615$$サンケースC150-3 本体@@3497$$サンコータル角 S-0.9K 本体@@5357$$サンペール#4 本体@@5669$$孔取っ手　AT-S@@1748$$カード差し 9-M型@@10226$$サンケースC400 本体@@1742$$ショッピングバスケットU-17 ハンドル@@4626$$パーツボックス Z-2N / パーツボックス Z-2N 導電 / パーツボックス Z-2N(RDM)@@11070$$サンペール#3A ハンドル@@8014$$サンペールK#10 ハンドル@@4775$$サンペールK#13T ハンドル@@1142$$サンケースMK T-14 蓋 / サンペールS #4 ハンドル,2026-05-06 04:23:41
GPexSa6drm6ZLXofauax5n,,9688$$プリンカップ 100@@2389$$サンケースC-180 本体@@1530$$サンケースMK MH-1•2•3 (A•B) 蓋@@0067$$M樽土産 1K-2 本体@@10651$$サンケースC250-3 蓋@@6899$$サンペール#4A 蓋@@3497$$サンコータル角 S-0.9K 本体@@10832$$エンジントレーT-AE A•B•C•D,2026-04-30 03:33:19
FB2ruHL6E2vWMhhSFFFEA3,,11068$$サンペール#3A 本体@@0062$$M樽土産　0.5K-2@@6414$$ハンディボックスS 本体@@7239$$ハンディボックスS-2 本体@@1178$$サンケースMK P-50N・75 蓋@@1301$$サンケースMK MH-8 本体 / サンケースMK MH-8-1 本体@@0941$$ハンガーラックコンテナー HL-1@@7863$$エンジントレーT-12 A•B•C•D@@1202$$サンケースMK K-4•6 蓋@@0059$$M樽角　3K　蓋（爪有り）@@3371$$サンケースC-180-2 本体,2026-05-01 14:40:24
VpTbHuQSUpQzJsrwfW9qZP,,10826$$プラテクター S170@@10832$$エンジントレーT-AE A•B•C•D@@6615$$サンケースC150-3 本体@@2865$$サンペール#1 本体,2026-04-03 03:10:45
SNUi8LQPCSeo56gNK4g67a,,1971$$サンボックス蓋 2S-2,2026-04-04 02:36:00
h3bruMCDsuJFZhdiw7KLnH,,7365$$オリコンEP-SW 軸カバーS2@@6898$$サンペール#4A 本体@@5882$$カード差し 19-3型 2号型@@4175$$カード差し 102型 / カード差し 103型@@7239$$ハンディボックスS-2 本体@@2865$$サンペール#1 本体,2026-04-13 08:48:56
mwZn8Kq22VN3UNjCSSkHRR,,"1156$$サンケースMK P-30 蓋@@1158$$サンケースMK P30-5,MT30-5 本体 / サンケースMK P30,MT-30 本体@@6422$$サンペール610 蓋@@5358$$サンペール#4 蓋@@10226$$サンケースC400 本体@@11069$$サンペール#3A 蓋@@4751$$サンペール#3 蓋 H / サンペール#3 蓋 S",2026-05-03 07:36:43
FN6GLRhLjvGq2Bj9Q8WrjF,,8060$$ツーリングホルダー AS-40@@5358$$サンペール#4 蓋@@3372$$サンケースC-180-2 蓋@@8121$$オリコンEP-SW 軸カバーL4,2026-05-03 07:48:45
koyMoB8VYcpE9VPQBg9TDy,,2389$$サンケースC-180 本体@@10650$$サンケースC250-3 本体,2026-05-05 17:35:30
f5QAUnmUuQ7xcnjwYmscWr,,4717$$PET容器蓋　1型(3号型)@@1204$$サンケースMK K-6 本体@@10226$$サンケースC400 本体,2026-05-05 10:29:37
